USA,北美
China,中国
Germany,欧洲
India,印度
UK,欧洲
Canada,北美
France,欧洲
Russia,欧洲
Netherlands,欧洲
Australia,澳洲
Brazil,南美
Japan,日韩
United States,北美
Spain,欧洲
Switzerland,欧洲
Poland,欧洲
Sweden,欧洲
Italy,欧洲
South Korea,日韩
United Kingdom,欧洲
Belgium,欧洲
Czechia,欧洲
Austria,欧洲
Denmark,欧洲
Norway,欧洲
Israel,中东
Finland,欧洲
Singapore,亚洲
Taiwan,中国
Turkey,欧洲
Portugal,欧洲
New Zealand,大洋洲
Ireland,欧洲
Argentina,南美
Indonesia,亚洲
Vietnam,亚洲
Romania,欧洲
Ukraine,欧洲
Hungary,欧洲
Hong Kong,中国
Mexico,北美
Pakistan,亚洲
South Africa,非洲
Greece,欧洲
Bulgaria,欧洲
Belarus,欧洲
Iran,中东
Colombia,南美
Bangladesh,亚洲
Egypt,非洲
Thailand,亚洲
Philippines,亚洲
Malaysia,亚洲
Estonia,欧洲
Slovakia,欧洲
Nigeria,非洲
Europe,欧洲
Serbia,欧洲
Chile,南美
Lithuania,欧洲
Croatia,欧洲
Sri Lanka,亚洲
Slovenia,欧洲
Kenya,非洲
Latvia,欧洲
Dubai - United Arab Emirates,中东
Nepal,亚洲
Luxembourg,欧洲
Peru,南美
Morocco,非洲
Uruguay,南美
Armenia,欧洲
Tunisia,非洲
Kazakhstan,亚洲
Iceland,欧洲
Costa Rica,中美洲
Georgia,欧洲
Algeria,非洲
Ecuador,南美
Cyprus,中东
Bosnia and Herzegovina,欧洲
Venezuela,南美
Moldova,欧洲
Dominican Republic,北美
Malta,欧洲
Uganda,非洲
Uzbekistan,亚洲
Jordan,中东
United Arab Emirates,中东
Riyadh Saudi Arabia,中东
Abu Dhabi - United Arab Emirates,中东
Lebanon,中东
North Macedonia,欧洲
Ghana,非洲
Azerbaijan,欧洲
Guatemala,中美洲
Cameroon,非洲
Myanmar (Burma),亚洲
El Salvador,中美洲
Cambodia,亚洲
Bolivia,南美
Saudi Arabia,中东
Mauritius,非洲
Iraq,中东
Paraguay,南美
Ethiopia,非洲
Puerto Rico,北美
Cuba,北美
Zimbabwe,非洲
Macao,中国
Panama,中美洲
Albania,欧洲
Mongolia,亚洲
North America,北美
Kyrgyzstan,亚洲
Montenegro,欧洲
Kuwait,中东
Antarctica,南极洲
Jamaica,北美洲
National Capital Region,亚洲
Nicaragua,中美洲
Honduras,中美洲
Madagascar,非洲
Jeddah Saudi Arabia,中东
Asia,亚洲
Tanzania,非洲
Senegal,非洲
Rwanda,非洲
Angola,非洲
Afghanistan,亚洲
Côte d'Ivoire,非洲
Yemen,中东
Bahrain,中东
Thuwal Saudi Arabia,中东
Palestine,亚洲
New Caledonia,大洋洲
Zambia,非洲
Jammu,亚洲
Syria,中东
Qatar,中东
Trinidad and Tobago,南美
North Korea,日韩
French Polynesia,欧洲
Maldives,亚洲
Srinagar,印度
Benin,非洲
Jersey,欧洲
Taiwan 300,中国
Andorra,欧洲
Réunion,非洲
Oman,中东
Democratic Republic of the Congo,非洲
Middle East,中东
Liechtenstein,欧洲
Tajikistan,亚洲
Sudan,非洲
Africa,非洲
Alps,欧洲
Western Europe,欧洲
Isle of Man,欧洲
Lake Constance,欧洲
Central Europe,欧洲
Scandinavia,欧洲
Pristina,中东
